id,url,title,score,num_comments,created_utc,selftext
5r8noy,https://www.reddit.com/r/georgetown/comments/5r8noy/thanks_for_reporting_spam/,Thanks for reporting spam,9,2,2017-01-31 07:01:11,"Hi everyone,

Thank you all for staying vigilant and reporting spam. I am not sure why we are getting hit so hard with it lately, but I am hoping to find a more proactive way to combat spam.

Anyway, thanks for staying on top of it and please continue to report anything strange.

Best,

sos"
5wicss,https://www.reddit.com/r/georgetown/comments/5wicss/how_do_you_find_and_connect_with_nature_at/,How do you find and connect with nature at Georgetown?,4,5,2017-02-27 10:20:05,"Over and over again, studies have shown that people who live in greener areas are happier and students that are surrounded by nature perform better. Although Georgetown isn't the most urban school in DC, our campus is nonetheless severely lacking in green space. How do you find ways to connect with nature at Georgetown? What are your favorite green spaces on campus or in the city?

Studies:

https://www.eurekalert.org/pub_releases/2017-02/uoe-wbn022417.php

http://horttech.ashspublications.org/content/18/2/232.full"
60fkrh,https://www.reddit.com/r/georgetown/comments/60fkrh/looking_for_friends/,Looking for friends,10,2,2017-03-20 02:42:48,"Hi everyone, I'm not a Georgetown student (I have an ID but that was from summer classes before) and I'm from around the area. I'm currently taking a gap year so it's been pretty hard to meet new people. I was wondering if there's anyone that has similar interests who would be down to hang out or something. I'm half Japanese and half Spanish, I'm learning how to cook and learning to become a professional pastry chef as well. I'm interested in subjects ranging from international relations/politics to computer science/engineering (I went to HoyaHacks). I'm also pretty into Japanese culture."
66f7ql,https://www.reddit.com/r/georgetown/comments/66f7ql/connect_with_class_of_2021/,Connect with class of 2021,8,5,2017-04-19 20:24:51,"Having decided to go to Georgetown as a part of the class of 2021 I have been looking for ways to connect with others who are planning to go. However, I haven't been able to find a good way to connect and I'm not able to go to the GAAP weekends. Does anyone know if there is a class groupme or something, or would anyone be up to creating or joining one to connect with fellow Hoyas?"
68vggi,https://www.reddit.com/r/georgetown/comments/68vggi/dps_catches_clock_thief_hands_returned_for_the/,DPS catches Clock Thief. Hands returned for the first time by student and not anonymous drop-off.,9,1,2017-05-02 12:49:37,Official statement will be made in a bit.
6bf7c1,https://www.reddit.com/r/georgetown/comments/6bf7c1/mcdonough_school_of_business_undergraduate/,"McDonough School of Business undergraduate students, how has your time at the school been?",7,6,2017-05-15 20:46:54,"I plan on applying next year and would like to hear from students about their experience at the school regarding campus culture, internship opportunities, classes, pressure, etc.

Thanks!"
6hn0zt,https://www.reddit.com/r/georgetown/comments/6hn0zt/healy_hall_evacuated_while_mpd_investigates/,Healy Hall evacuated while MPD investigates,6,0,2017-06-16 07:57:17,"This alert was just sent out: 

""As a precaution,  Healy Hall has been evacuated to allow for a MPD investigation. Please avoid Healy Hall and the surrounding area. We will notify you when the area is cleared.""

Anyone have any more info?

Edit: It was a ""nonspecific bomb threat"""
6pz8vt,https://www.reddit.com/r/georgetown/comments/6pz8vt/secrets_of_campus/,Secrets of Campus,14,8,2017-07-27 14:38:34,"I will now review the secrets hidden among the banners gleaming in Georgetown's blue and gray. This arcane knowledge took me two years to collect. I share it with you in hopes that a) you become the coolest person in your NSO group and b) all of you pursue new secrets and don't keep discovering the same things. I am leaving out a few details to protect the guilty.

at GUPD: my knowledge of these locations is completely secondhand and not a confession that I have been to all of them.

sub-Healy Tunnels: The first stop on a tour of the Georgetown obscure is the tunnels under Healy. They are accessible through the ""Rain Door,"" which is accessed by opening a gate next to a tunnel near Dahlgren. The door is only unlocked after a heavy rain. Entering leads you to the university's steam pipe distribution venue. If you crawl through a hole in the wall, you'll end up in a series of pitch black and piping hot tunnels, from which you can access the Davis Performing Arts Center and the front of Healy Hall. Painted on the walls are sentimental recollections of secret societies of Georgetown yore, most prominently the knives and fives, Crux Orbis, and SigEp (not really a secret but they did a nice paint job). Allegedly one part of the tunnel used to lead to Walsh, but it has since been bricked up. Many workers have been reported entering and exiting the tunnels. It is likely the makeup has changed fundamentally over the last few months. The university has ambitions to convert this glitter-covered cave (and short list candidate for Exorcist locations) into more offices. Approach with caution. One note: there is a strange broken ladder that would theoretically go up the north Healy tower. Let me know if anyone wants to climb it.

The Russian Door: Not as fun as the Tunnels. Climb the Healy stairs nearest to VilA and you'll find a severely damaged door with Russian writing over the door. I had someone translate it for me once but I forget what it said. I heard rumors my first year of somebody getting through, but they wouldn't say what is behind it. Pretty boring, but worth a look.

Healy Tower: The Holy Grail of Georgetown spelunking is getting up into the clock tower. Security is extremely heavy. I'm work-study, so I've never tried. Admin took a friend of mine up and she said the security is heavier than they let on. And Gruber's fingerprint thing is BS.

Reiss Tunnels: In a classroom on the main floor of Reiss there is a door. That door leads into an impossibly long hallway filled with rusted pipes and random household objects. Looks like something from House of Leaves. Follow the tunnel, and you'll find yourself in Kober-Cogan, MedStar's abandoned psychiatric unit.

Kober-Cogan (home to MK-ULTRA): Kober-Cogan is a six floor abandoned office facility that the university doesn't have the cash to knock down. Ignorant people enter through a window. Smart people go through Reiss. It's creepy. On the lower levels, you'll find rooms with restraints and gurneys and writing on the walls. On the upper floors you'll find plenty of office supplies. K-C was allegedly abandoned midday due to an asbestos assessment. Last time some folks tried to go there GUPD was monitoring the Reiss entrance. Rumor has it admin is getting ready to demolish the building.

.#BirdsChirpingManiacally: Alas, #BirdsChirpingManically is no longer with us. If you entered a particular door of Leavey and climbed the stairs, you found yourself in a room with #BirdsChirpingManically painted on a wall. On the wall there was a tac board. Remove the board and you could enter an abandoned elevator shaft covered in -- frankly -- disturbing drawings. I went there last year for auld lang syne and the university had bricked up my elevator shaft.

The Observatory: Use this one sparingly. Up on the far side of campus next to Kehoe Field there is an almost-abandoned observatory and a nice garden with a few discrete benches. Respect the garden. Everybody is always trying to break into the observatory. Wonder no longer. Join the Astronomy Club. They have the key to the observatory and go there Tuesday nights. Join us in leeching off their free food and enjoying the view from the tower.

Key Bridge: Allegedly one of the secret societies has a tunnel to the base of Key Bridge. If you look at the base of Key Bridge, there are a series of doors. I've never been inside to find out what's there.

Walsh Tunnels: Go into the men's restroom at the bottom of the stairs in Walsh. There is a door. It's locked now but it used to not be. It leads to an extensive tunnel network that is much creepier and much more dangerous than the one under Healy. One might burn one's hand on an exposed pipe.

Bonus - Stewards Clock: Want to impress your NSO group with your knowledge of our dysfunctional, factionalized secret society? Look at the base of the misplaced clock in Red Square. The brass plaque memorializes some guy, says he's a *Steward* and has two keys (their symbol). 

Double Bonus - at one point someone mentioned a secret room in New South. That would require going in New South, so I haven't been.

Feel free to comment with stuff I've missed."
6s0viw,https://www.reddit.com/r/georgetown/comments/6s0viw/to_the_student_who_saved_my_life_today/,To the student who saved my life today,20,0,2017-08-06 13:51:30,"I'm sorry I didn't thank you earlier. I was literally in shock and don't remember you pulling me away from the car. I was too preoccupied with getting home a few minutes earlier to notice the car barreling towards me, and I almost paid for that silly mistake with my life.

I deserved all the shit you and my dad gave me. Judging by your t shirt, I think you're in a sorority? Alpha chi omega? Please contact me and let me give you my thanks. Not all traffic is nice and slow as it is in Williamsburg, and this was almost the worst way to learn that lesson. 

Tl;dr please look both ways, I will every time from now"
79315m,https://www.reddit.com/r/georgetown/comments/79315m/competitiveness_of_physics_program/,Competitiveness of physics program?,3,6,2017-10-27 05:53:04,"Looked for similar articles already posted on this Reddit but could not find it and I know I could email the department but there is the possibility they could undermine it or make it seem harder than is. Basically, I am still a high school student but Georgetown seems like a good fit school for me and I would enjoy knowing how hard the program is

Thanks and lots of love."
7clt73,https://www.reddit.com/r/georgetown/comments/7clt73/best_seats_at_a_hoyas_basketball_game/,Best seats at a Hoyas basketball game,6,3,2017-11-13 00:30:51,"Hey everyone,

I'm a big Knicks fan and seeing Patrick Ewing take the floor as the head coach of the Hoyas is amazing. As such, I'm going to catch an early season game at Verizon and watch the Hoyas.

Wanted to ask, what are the best sections to sit? Looks like the student section is baseline (FYI I'm not a student, just a regular dude off the street) but where are the best seats. Seems like there are always a bunch left on stubhub so I might just pick the best seats and try my luck, but I don't want to sit in a crappy area I want to be in a good spot to catch the action and atmosphere."
7k1p60,https://www.reddit.com/r/georgetown/comments/7k1p60/got_into_georgetown_sfs_early_have_an_important/,Got into Georgetown SFS early!! Have an important question though,6,11,2017-12-15 10:46:04,"I am absolutely thrilled at being admitted and am mostly going to attend Georgetown. However, I have a single question -  Can a student from SFS also double major in Georgetown Engineering or Georgetown college? As someone wanting to do International Politics as well as Computer Science, I am curious to know if I can double major in both of these. Thanks!"
7pgpqi,https://www.reddit.com/r/georgetown/comments/7pgpqi/touring_georgetown_u/,Touring Georgetown U,6,2,2018-01-10 08:32:31,"How accessible is Georgetown, I want to walk around and see the campus but since it‚Äôs private I‚Äôm worried it‚Äôll be gated and we won‚Äôt be able to walk around very much, any idea if people can just walk around??"
7v55cr,https://www.reddit.com/r/georgetown/comments/7v55cr/party_scene/,Party scene?,4,1,2018-02-03 22:14:07,I‚Äôm a college student visiting from Baltimore and I‚Äôm wondering what the best bars/clubs are that Georgetown kids generally go to
87vzvu,https://www.reddit.com/r/georgetown/comments/87vzvu/decision_time_georgetown_v_u_of_michigan/,Decision Time: Georgetown v. U of Michigan,6,8,2018-03-28 15:02:12,"Hi all! Super excited to say that I've been accepted to both Georgetown's McCourt School of Public Policy AND University of Michigan's Ford School of Public Policy. In both, I'm going for my masters of public policy. Little about me: I'm originally from Michigan so I know UofM however I don't know Georgetown that well.

Question: What are the pros/cons of the McCourt School?"
8e03jn,https://www.reddit.com/r/georgetown/comments/8e03jn/preorientation_info_for_committed_and_happy_hoya/,Pre-Orientation info for committed and happy hoya,8,5,2018-04-21 18:16:50,"Hey Georgetown,
I decided to commit after gaap weekend (really upbeat atmosphere and undergrad business&gt;&gt;&gt;uchicago) and couldn‚Äôt be happier with my decision. The only area that the gaap people seemed relatively unfamiliar with beyond the basic info presented on the website were the pre-orientation programs. I think the business one and PEP look really fun and plan on applying to both. Anyone here know what the applications are like and how competitive these are? Thanks, and Hoya Saxa!"
8kvbol,https://www.reddit.com/r/georgetown/comments/8kvbol/congratulations_class_of_2018_hoya_saxa_forever/,CONGRATULATIONS CLASS OF 2018!! HOYA SAXA FOREVER!!,33,1,2018-05-20 13:32:09,It's been a ride
8q77ym,https://www.reddit.com/r/georgetown/comments/8q77ym/recommended_coursesprofessors/,Recommended Courses/Professors,6,12,2018-06-10 23:03:06,What courses do you recommend for an incoming freshman in the college? Also which professors do you recommend? Any to avoid? Thanks! 
90j2rc,https://www.reddit.com/r/georgetown/comments/90j2rc/subject_tests/,Subject Tests,5,9,2018-07-20 12:39:52,"Is 'strongly recommended' essentially required? For EA, how necessary is it to have 3 oppose to two subject tests"
99hj62,https://www.reddit.com/r/georgetown/comments/99hj62/sfs_admittance_process_question/,SFS admittance process question,6,8,2018-08-22 14:52:42,"Hi everyone, 

I'm looking at applying to Georgetown's Foreign Service Master's program. I'm wondering if anyone is in this program or graduated from it that can answer questions for me. 

&amp;#x200B;

Does anyone know the admittance process? I have a lower GPA from my undergrad due to some traumatic situations but have great GRE scores. My work resume is about 7 years long of senior level political work though not international. 

Any information or relevant opinions would be helpful. 

Thanks,"
9h1n8s,https://www.reddit.com/r/georgetown/comments/9h1n8s/how_to_deal_with_repeated_rejection_from_clubs/,How to deal with repeated rejection from clubs?,11,8,2018-09-18 20:20:45,"Hey guys, I‚Äôm hoping some of you can relate and maybe share advice. 

I‚Äôm a first-year and I‚Äôve been rejected to everything I‚Äôve applied/tried out for. Not just rejected straight out but I‚Äôve gone to the last round of interviews, wrote thousands of words for applications, and spent so much of my time hoping I‚Äôll be accepted. 

And I‚Äôm not just applying to get accepted, I really really wanted to be a part of and do these things here. 

Any advice for dealing with this? It‚Äôs tough cause my roommate has been accepted to the Corp and has that nice social group whereas I don‚Äôt really have a group yet. (And yes I am joining no-app clubs but it‚Äôs really not the same)"
9posqe,https://www.reddit.com/r/georgetown/comments/9posqe/moving_to_dc/,Moving to DC!,1,3,2018-10-19 15:45:25,Hey everyone! I am a recent grad from UC Berkeley and I just got a job near DC. I am looking for places to rent currently and was wondering if you all had any pointers. What areas tend to have lower rent prices? What areas are connected to the city via public transport
9vl992,https://www.reddit.com/r/georgetown/comments/9vl992/how_much_is_high_school_taken_into_account_for/,How much is High school taken into account for folks who‚Äôll have their AA?,1,2,2018-11-09 07:17:33,"Georgetown specific here: I did shit in high school, it was a mix of my epilepsy and simply not caring or having motivation. I graduated somewhere between a 2.5 and a 3.0, somewhere around there. I however took my ACT at the end of my high school career and got a 35 once I got my shit together. I have so far been in community college and currently have a 4.0 in a honors program for a dual degree in international relations and political science. I have good recommendations from my professors and an awesome essay. Besides my high school everything is pretty great. Most colleges besides Ivies don‚Äôt consider High School that much or at all for transfers in their second year. I know transferring with such a low acceptance rate is a crapshoot for most students, but how likely is it that I‚Äôll get in? Will high school hurt me at all?"
abeyxt,https://www.reddit.com/r/georgetown/comments/abeyxt/are_three_subject_tests_necessary/,Are three subject tests necessary?,1,1,2018-12-31 20:35:05,"So, I‚Äôm one of those economically disadvantaged folks and I wanted to know if three subject tests are absolutely necessary to get in or if my chances will be significantly reduced if I don‚Äôt have them because I couldn‚Äôt afford another."
afqjrj,https://www.reddit.com/r/georgetown/comments/afqjrj/01142019_gu_main_med_scs_campuses_closed_with/,"01/14/2019 GU Main, Med &amp; SCS campuses CLOSED with Instructional Continuity",1,1,2019-01-13 17:34:17,"Text message:

&gt; 01/14/2019 GU Main, Med &amp; SCS campuses CLOSED with Instructional Continuity. On-site instruction canceled. Emergency employees report to work on time.

Please check the [university operating status page](https://www.georgetown.edu/operating-status) for more details. *Note: not yet updated as of 1/13/18 @ 8:33pm.*"
atchvb,https://www.reddit.com/r/georgetown/comments/atchvb/how_to_get_into_the_healy_clocktower/,How to get into the Healy Clocktower?,7,4,2019-02-21 19:29:25,It's been a while since it's been done... If you don't feel comfortable posting publicly then PM me
b0o8lg,https://www.reddit.com/r/georgetown/comments/b0o8lg/georgetown_student_gloats_about_cheating_on_her/,Georgetown student gloats about cheating on her SAT and writes about her tennis ranking while not even playing one tournament...,35,4,2019-03-13 09:50:32,https://www.thedailybeast.com/georgetown-rich-kid-isabelle-henriquez-gloated-after-allegedly-cheating-sats
b7muz2,https://www.reddit.com/r/georgetown/comments/b7muz2/current_georgetown_student_ama/,Current Georgetown student AMA,11,44,2019-03-31 04:39:29,"Hey, I‚Äôm a junior at Georgetown - been seeing a lot of questions from admitted students and figured this might help, feel free to ask me anything about Georgetown! "
bakpn2,https://www.reddit.com/r/georgetown/comments/bakpn2/gtown_social_scene/,Gtown Social Scene,8,6,2019-04-07 13:27:10,"Hi everyone, I was recently accepted to MSB for the class of 2023, and I was wondering how social life is at gtown. Are people cliquey? How is night life/the party scene? Idk have you guys all managed to have a good time here?"
bcho3r,https://www.reddit.com/r/georgetown/comments/bcho3r/psa_remember_the_human/,PSA: Remember the human,7,0,2019-04-12 12:22:54,"Hi everyone,

I wanted to issue a reminder that even when addressing controversial issues - such as the recent development on campus - to please keep things civil.

More specifically, please bear in mind the rules (3 &amp; 4 in particular) and remember the human behind the screen you‚Äôre corresponding with when posting a submission or comment(s).

Troll accounts, spam, and harassing comments will continued to be culled and banned where necessary.

Thanks."
bno9f1,https://www.reddit.com/r/georgetown/comments/bno9f1/georgetown_law_housing/,Georgetown Law Housing,5,3,2019-05-12 05:05:50,"Hi, I'm joining GLS this August for the LL.M programme. Wanted to know whether accommodation at the University housing would be better than staying outside? A 2BHK at the University housing costs about $6000 per semester including utilities. Also, wanted to know whether cycling to classes from University housing would be an option? Someone told me the University area is hilly."
bufehy,https://www.reddit.com/r/georgetown/comments/bufehy/those_who_got_accepted_into_georgetown_what_were/,"Those who got accepted into Georgetown, what were your stats/ECs?",4,2,2019-05-29 07:33:10,"Also, what was the school you applied for?"
c2qh9d,https://www.reddit.com/r/georgetown/comments/c2qh9d/whos_this_guts_bus_driver/,Who‚Äôs this GUTS bus driver?,13,3,2019-06-19 19:46:16,"Currently taking a summer course and commuting to campus everyday. I take the metro to Rosslyn. The greatest, most cheerful bus driver ever picks me up every morning at around 10:30 am. I‚Äôm just wondering if any of you know his name. Every time he drops us off to campus he‚Äôs like ‚ÄúHAVE YOURSELF A GOD BLESSSSS YOU DAY!‚Äù Man, I just love his energy. S/o to him for always brightening up my day : )"
c9749m,https://www.reddit.com/r/georgetown/comments/c9749m/happy_4th_hoyas/,Happy 4th Hoyas!,14,0,2019-07-04 13:12:12,Stay safe out there!
coa3dn,https://www.reddit.com/r/georgetown/comments/coa3dn/what_does_an_internship_look_like_with_a/,What does an internship look like with a congressman during the Fall Semester?,7,0,2019-08-09 16:09:57,"I assume some of you have done it as you all go to Georgetown and the Hill is basically there. I have an opportunity to do one but was wondering if I was going to do work like copying papers and getting coffee? I only ask bc it‚Äôs either this or playing soccer my senior year (I‚Äôve been playing varsity since sophomore year, but don‚Äôt plan on continuing in college)  By the way I am a high school student and would be working about 10-15 hours a week. Would it be worth it? And have any of you gotten paid or received a stipend. Bc taking the metro for 5 days a week for 4 and a half months is expensive."
cqzvzt,https://www.reddit.com/r/georgetown/comments/cqzvzt/favorite_student_organizations_at_georgetown/,favorite student organizations at georgetown?,7,7,2019-08-15 19:16:23,"rising sophomore trying to hear more about different orgs for next year. ([https://www.reddit.com/r/georgetown/comments/cd9zu1/rising\_sophmore\_who\_had\_a\_hard\_time\_socially\_last/](https://www.reddit.com/r/georgetown/comments/cd9zu1/rising_sophmore_who_had_a_hard_time_socially_last/) if you want a deeper read about my freshman year struggles lol) 

i have a pretty good list of clubs that i wanna look more into, like GPB, gives, hoyablue, and then the bigs ones like the corp and blue and gray. however, i know that there are way more things to get involved with on campus. 

so feel free to share your favorite club or organization that you are/were involved on campus! im looking for ones that have a social aspect as well as being stimulating and interesting (like a consulting club)"
d46na9,https://www.reddit.com/r/georgetown/comments/d46na9/culture_at_georgetown/,Culture at Georgetown,8,12,2019-09-14 08:30:32,"I'm a senior who will be applying this year (I know we're probably inundating this subreddit with questions at this point, so apologies for that), and I'm interested in finding out what the culture at Georgetown is like. Is it more competitive or collaborative? How intense are people about academics? What are relationships like between students and groups?

Thanks in advance for any answers!"
diabcj,https://www.reddit.com/r/georgetown/comments/diabcj/summer_experiences/,summer experiences,6,7,2019-10-15 09:26:59,"hi all, just another sfs kid here who might come off as super ambitious, but i was wondering what your experiences during the summer before sophomore year is like. do i apply for internships and try to pay for a summer in dc? do i go abroad? what do people even do that summer? please share! thanks :)"
djx1h3,https://www.reddit.com/r/georgetown/comments/djx1h3/goodbye/,goodbye,4,18,2019-10-18 18:20:04,"got a 710 on the math 2 &amp; 650 on the us history subject test lol, time to say goodbye to georgetown ü§©ü§©ü§©"
dsbg3d,https://www.reddit.com/r/georgetown/comments/dsbg3d/georgetown_ms_in_foreign_service_applicant/,Georgetown MS in Foreign Service Applicant. Looking for feedback,4,0,2019-11-05 20:53:23,"I am a recent undergrad graduate looking to apply to the MS in Foreign Service at Georgetown.

I was wondering if there were any current MS in Foreign Service students on here that I could chat with and gain some feedback/constructive criticism on my application. Thanks and no worries if no-one is able!"
e9zcyp,https://www.reddit.com/r/georgetown/comments/e9zcyp/ea_decision_datetime/,EA Decision date/time?,1,2,2019-12-12 20:51:48,"Hi! I'm an international student, awaiting my decision. Does anyone know when Georgetown Early Action decisions are going to be released? They haven't given a date/time. It would be super helpful if somebody could tell me. Thanks!"
ej6gck,https://www.reddit.com/r/georgetown/comments/ej6gck/guts_reliability/,GUTS reliability,7,18,2020-01-02 15:38:48,"I have an internship next semester for 4 days a week and have about 30-ish minutes to get to dupont from class. My plan was the take the GUTS bus back and forth. Is this plausible? If not, how much time should I give myself?"
ewcpus,https://www.reddit.com/r/georgetown/comments/ewcpus/the_best_way_to_get_organized_for_coursework/,The best way to get organized for coursework,1,0,2020-01-30 13:33:25,"If you haven't tried [syllabuddy.com](https://syllabuddy.com/), you should.

It automatically transfers due dates from your syllabus to your Google/Apple calendar."
eyiqxt,https://www.reddit.com/r/georgetown/comments/eyiqxt/questions_about_sfs_from_a_prospective_student/,Questions about SFS from a prospective student,1,4,2020-02-03 18:26:57,"Hi there, I'm a high school student and was recently admitted into Georgetown SFS for the class of 2024. I was planning on working towards the STIA major within SFS but when I was reading more about the program I came across the 3-2 Engineering Plan in conjunction with Columbia. I read on the SFS website that some STIA students have obtained this dual degree and I was just wondering if anyone has already gone through this process (or gotten a dual degree without SFS) and could share their difficulties/experiences. Thanks!"
freo5m,https://www.reddit.com/r/georgetown/comments/freo5m/internal_transfer_from_the_college_to_msb/,Internal Transfer from the College to MSB,3,6,2020-03-29 15:25:58,"Hi! I am a high school senior who is in the process of choosing a university to attend. Right now, Georgetown is my top choice, but I realized that I want to study finance in MSB instead of econ in the college. I have gotten into business schools at other universities and would consider attending those if I couldn't transfer to MSB. My questions are, how easy is it to transfer to MSB and how quickly could it be done? (if I started the process now) Thanks!"
fsffxj,https://www.reddit.com/r/georgetown/comments/fsffxj/premed_at_georgetown/,Pre-Med at Georgetown?,2,3,2020-03-31 08:57:38,"What makes pre-med at Georgetown unique compared to other top 20 schools? Can anyone speak to specific experiences, opportunities, academic &amp; extracurriculars advantages, chances of admittance to top 10 medical schools in the country, etc 

- prefrosh deciding between Georgetown, WashU, Emory, USC, and Pomona"
g1tuoo,https://www.reddit.com/r/georgetown/comments/g1tuoo/cancellation_of_oncampus_summer_programming_and/,Cancellation of On-Campus Summer Programming and Transitions to Virtual Delivery,11,0,2020-04-15 08:15:21,"*Email transcript from the Office of the President to all faculty and staff:*

---

Dear Georgetown Faculty and Staff,

As we approach the final weeks of the spring semester, we continue to navigate the challenges the COVID-19 pandemic has presented to our community. At the end of last month, we announced that all [Main Campus Summer 2020 instruction would be moved to virtual delivery](http://links.georgetown.mkt6170.com/ctt?kn=2&amp;ms=NDIyNjgwMTQS1&amp;r=NzE1OTM0OTU3OTIS1&amp;b=0&amp;j=MTc0MTU4NzE5OQS2&amp;mt=1&amp;rt=0). The Law Center also moved online all of its summer classes for continuing J.D. and LL.M students. 

In addition to the continuation of the virtual learning environment, today we are announcing that **all in-person summer programs scheduled to be held on the Main Campus, the School of Continuing Studies campus and Law Center campus through August 9, 2020 will need to be shifted to an online-only format or otherwise be canceled.**

With approaching summer program deadlines and continuing uncertainty regarding the duration of ‚Äústay-at-home orders‚Äù and social distancing guidelines, we concluded that this is the best course of action to ensure the health and safety for all. No in-person housing, event or athletic space will be provided for summer programming, including camps and conferences. All Main Campus summer conference deposits through August 9 will be fully refunded. As we move forward, we will prioritize Main Campus orientation programs and pre-sessions associated with the fall semester. For more information, please contact conferencehousing@georgetown.edu.

We recognize there are several academic programs at the Medical Center and Law Center that are part of the upcoming academic year and that would typically begin in July or early August, prior to August 9. Participants in those programs will hear directly from their program directors in the weeks ahead with information on the delivery of those activities.

We will be following-up on [travel guidance](http://links.georgetown.mkt6170.com/ctt?kn=1&amp;ms=NDIyNjgwMTQS1&amp;r=NzE1OTM0OTU3OTIS1&amp;b=0&amp;j=MTc0MTU4NzE5OQS2&amp;mt=1&amp;rt=0) for the summer in the days ahead.

As a reminder, the Center for New Designs in Learning and Scholarship (CNDLS) is available to support faculty and staff in transitioning programs and activities to remote formats. If, after careful consideration, a program cannot be transitioned to a virtual environment, it must be rescheduled or canceled. For all questions about the transition to virtual delivery for summer programs, please consult your program chairs, deans and department heads.

We understand how disruptive these necessary decisions are for our community. As we continue to evaluate the latest health guidance and safety procedures, we will revisit these decisions as circumstances allow. 

Thank you all for your commitment and dedication. We are very grateful for your extraordinary efforts.

Sincerely,

Geoffrey S. Chatas, Senior Vice President and Chief Operating Officer

Robert M. Groves, Provost

Edward B. Healton, Executive Vice President for Health Sciences and Executive Dean of the School of Medicine

William M. Treanor, Executive Vice President and Dean of the Law Center"
g3sdnd,https://www.reddit.com/r/georgetown/comments/g3sdnd/mcdonough_school_of_business/,McDonough School of Business,7,0,2020-04-18 11:29:29,"1. how is Mcdonough + how does it differ from the other business schools in the USA?

2. best major at Mcdonough?

3. thoughts on taking business as an undergraduate major?"
gl6e49,https://www.reddit.com/r/georgetown/comments/gl6e49/justice_and_peace_studies_major/,Justice and Peace Studies major,3,5,2020-05-16 18:13:06,Hi everyone! I'm considering applying to Georgetown's Justice and Peace Studies program and was wondering if anyone here is in the major or knows anything about it?
gny34e,https://www.reddit.com/r/georgetown/comments/gny34e/if_i_am_in_nhs_can_i_minor_in_something_in_a/,if i am in NHS can i minor in something in a different school?,2,2,2020-05-21 07:42:23,ex. In NHS but minor in something in MSB
ge4cwa,https://www.reddit.com/r/georgetown/comments/ge4cwa/what_options_for_housing_do_sophomores_have/,What options for housing do sophomores have?,2,7,2020-05-05 12:31:45,Also when are deadlines to pick housing?
h01yvs,https://www.reddit.com/r/georgetown/comments/h01yvs/update_on_our_fall_2020_planning/,Update on our Fall 2020 Planning,9,6,2020-06-09 19:27:45,"*Email transcript from the Office of the President:*

---

June 9, 2020

Dear Members of the Georgetown University Community:

As we begin our summer period, I wish to provide an overview of how we are preparing for the coming academic year, the practical assumptions that are guiding our decision-making, and what will be important for us to return to our campuses this Fall.  Since the very beginning of the pandemic, our community has come together in extraordinary ways, and I wish to again thank you for how you have enabled our University to respond, as we confront the challenges and the uncertainty of this moment.

We face complex and challenging decisions that require the most careful planning and preparation.  We are focused on the ways that we can protect the health and safety of each member of our community and pursue our academic mission during a time of serious risk and uncertainty.  We are animated by moral commitments that have shaped our community since our founding‚Äîincluding *cura personalis*, a deep sense of care for each person‚Äîand our commitment to the three foundational aspects of our mission‚Äîthe formation of our students; the inquiry of our faculty; and our service to the common good.

This has been a time of great difficulty.  Many of us are experiencing deep grief and pain for the people we have lost and the ways that our lives have been impacted as a result of this global pandemic.  We realize, with particular pain, the disproportionate experience of the worst impacts of COVID-19 on essential workers‚Äîin healthcare, in roles that support our daily lives‚Äîand in African American communities and communities of color.  We recognize the imperative we have, moving forward, of strengthening our vision of a community deeply invested in the care of each person.  Doing so requires us to direct our energy not only to our response to COVID-19, but also to issues of equity and justice, and to issues of racism, violence and police brutality that we must now face with renewed urgency.  As I shared in my [letter to our community on May 31](https://president.georgetown.edu/confronting-racism-may-2020/?utm_source=SilverpopMailing&amp;utm_medium=email&amp;utm_campaign=Update%20on%20Fall%20Planning%20(1)&amp;utm_content=), this is a moment that demands our personal, civic, and institutional engagement.

**Planning for Fall**

As we approach the Fall, our planning is focused on how we can provide for the safe return of the members of our community and how we can work to sustain their safety over the course of their time at Georgetown‚Äîin our residence halls, classrooms, and gathering places across our campuses, given the risks posed by COVID-19.

Over the past several weeks, we have convened groups of colleagues to support planning efforts in key areas, including public health, academic options, operations, and finance.  On our faculty, we have some of the world‚Äôs leading experts in public health and these colleagues have helped us understand the range of actions and conditions that will enable us to safely return to our campuses.  Our academic leaders have worked to develop hybrid and flexible approaches to sustaining our educational mission as the conditions of the pandemic change. And our operations and finance colleagues are developing frameworks to support and sustain a return to campus.

**ReOpen DC**

It is important to understand that we are developing our plans within the framework provided by [ReOpen DC‚Äîthe plan for the District of Columbia](https://coronavirus.dc.gov/reopendc). Returning to our campuses will require the approval of city authorities.  The *ReOpen DC* plan was released on May 21, and it outlines a four-stage approach for the city‚Äôs reopening, including the reopening of colleges and universities.

On May 29, Mayor Muriel Bowser announced that the District would move into Phase One of its plan, which lifts the ‚Äústay-at-home order‚Äù that she imposed on March 30 and provides for the resumption of ‚Äú*certain activities‚Äîwhere the risk of transmission has been determined to be low and when strong safeguards are in place‚Ä¶*‚Äù  Phase One continues to require social distancing of at least six feet from persons not in one‚Äôs household, wearing a mask or face covering, and the prohibition of gatherings of more than ten individuals.  Colleges and universities in the District of Columbia are not permitted to resume on-campus activities under Phase One.

*ReOpen DC* stipulates that colleges and universities will be able to resume on-campus activities once two conditions are met: first, the city moves into Phase Two, and second, the city approves each college and university‚Äôs plan for returning to campus. Over the past few weeks, our colleagues here at Georgetown have been deeply engaged in the development of these plans.

**Practical Assumptions**

In developing our plans, we are guided by a set of assumptions that inform our work:

*Health and Safety*:  Our first priority is to the health and safety of our community‚Äîstudents, faculty, and staff.  We will be guided by the data, evidence, and expertise of our scientific and public health communities.

*Academic Mission*: It is in the interest of our academic mission to welcome as many students as is safely possible to in-person instruction in the Fall.

*Timing of Medical Advances*: We do not see significant advances in a safe and effective vaccine becoming widely available by the end of 2020.

*Layered Public Health Framework*: We will be able to implement a layered public health framework. Elements of a layered framework include regular self-screening for symptoms; temperature checks; social distancing; face coverings; readily available testing and contact tracing; isolation of those contracting the disease; quarantine for those with significant contact with those with the disease; deep cleaning of public spaces; and reducing crowd sizes.  While no framework can eliminate all risk, such a layered approach is integral to our efforts to work to mitigate risk.  We will identify the policies and processes that enable this commitment.

*Adherence*: Effective health and safety measures depend on the active participation by members of our community.

*Hybrid-Flexible Academic Models*: We will be prepared to conduct hybrid and flexible models of learning that span a continuum from on-campus to fully-virtual, determined by relevant factors, including our ability to meet our public health responsibilities and the needs of our community.  We are preparing for multiple options depending upon the changing state of pandemic conditions in the District of Columbia and on our ability to fulfill our obligations for public health on the Georgetown campuses.

*Varying Impact*: The implications of COVID-19 result in impacts that vary in severity across different members of our community.  We will exert special effort to anticipate and address these variations.

*Differentiation of Academic Programs*: We will be adaptive to the differences across our academic programs.  The needs of Law, Medical, and Graduate education can differ from those of undergraduate and residential students.

*Financial Capacity*: We will have the financial resources to prepare for and support the 2020-2021 academic year.  Given the demands of putting in place the public health framework in support of the health and safety of our community, and strengthening the virtual learning environment, we do not yet know the full extent of the costs for this coming year.

*Infrastructure*: We will be able to adapt and expand the infrastructure of our campuses‚Äîincluding classrooms, laboratories, residence halls, dining halls‚Äîto address the new needs for public health.

*Second Surge of Infection*: We will have the capability of responding to the possibility of another surge of infection during the course of 2020-2021, in the event we experience such a threat to the health and safety of our community.

**Emerging Scenarios for the Fall**

These assumptions have guided our planning work and are shaping a range of scenarios that will provide us with the best opportunities to return to our campuses this Fall, should conditions allow.  We will continue to work closely with the District of Columbia Departments of Health and Planning to ensure that the plans we develop are in accordance with the framework of *ReOpen DC*.

Recognizing that the need to manage density will make it impossible to return to normal this Fall, we are exploring approaches ranging from fully-virtual to approaches that balance virtual learning with on-campus presence‚Äîunderstanding that the needs across our campuses require differentiated approaches.  The needs for managing the public health of a residential undergraduate community are different than those for our graduate students, as well as for our professional students at our Law Center, Medical Center, and School of Continuing Studies.  For example, the steps to support our research laboratories will be different from those for our libraries.

Robert Groves, our Provost, is coordinating the preparations regarding the modality of the undergraduate and graduate programs with the deans of the Main Campus; William Treanor, our Executive Vice President and Dean, is developing the elements of our J.D., S.J.D., and LL.M. programs at the Law Center; Edward Healton, our Executive Vice President and Executive Dean, is overseeing our planning for the return of our research community to the laboratories, the resumption of clinical training for our 3rd and 4th year Medical students and our range of Nursing programs, as well as our 1st and 2nd year Preclinical Medical education and our programs in Biomedical Graduate Education.

We are also developing approaches to bringing our employees back to campus.  Over the last few months, we have learned a great deal about how to operate effectively in an environment where a majority of our colleagues are working remotely.  As we develop approaches for a return to campus, we will assess which members of our workforce will need to prepare to return to campus, and which members can continue to work remotely as we navigate the circumstances of the pandemic.

Given our first priority is the health and safety of our community, and how much we are still learning about the virus, we will work closely with the members of our student body, faculty and staff to consider and address particular challenges they anticipate with a return to campus.

Beginning in the next few days, we will issue a series of communications on our planning for each of our campuses.  We will provide clear and regular communications as we reach greater clarity about the upcoming academic year, and specifically about the range of fully-virtual to hybrid-flexible approaches that will guide each campus.  The most challenging set of issues, given the density of our residential campus, are those involving our undergraduates.  It is our intent to provide a full scope of our plans over the course of the coming weeks.

I am deeply grateful to all of our colleagues whose work is ensuring we can be prepared for this Fall.

I wish each of you the very best as we navigate this moment together, supported by one another and the enduring values that bind us as a community.  You have my deepest appreciation.

Sincerely,

John J. DeGioia"
h77g8f,https://www.reddit.com/r/georgetown/comments/h77g8f/chem_001009_vs_chem_055057/,CHEM 001/009 vs CHEM 055/057,8,7,2020-06-11 14:54:13,"Hi, 

Incoming freshman student who just spoke to my advisor today.

To my knowledge, Gen Chem 001/009 tends to be larger and Chem 055/057 tends to smaller/more focused. I've heard horror stories about the Chem department so which class would be less ""scary""? I guess what I'm asking is if there are any horror stories between the different sections of these classes?   Which ones have bad reputations? As a Biochemistry major looking to switch into Biology before the fall semester, my advisor is letting me choose which one to schedule myself into.

Thanks!"
hqygch,https://www.reddit.com/r/georgetown/comments/hqygch/who_is_the_best_hoya_youtuber/,Who is the best Hoya Youtuber?,10,0,2020-07-14 02:29:59,"For insights at Georgetown! (Other than Georgetown Stories, of course)"
hw8f6a,https://www.reddit.com/r/georgetown/comments/hw8f6a/virtual_learning_august_intensives_and_preos/,"Virtual learning, August Intensives, and Pre-Os",8,11,2020-07-22 20:28:40,"This fall, I'm going to be an incoming freshman, and while I know its an absolute privilege to be able to go to campus, I still have my concerns. My parents also want me to stay at home. What would I be missing if I stayed home instead of being on campus with the other freshman? 

I didn't apply for any August intensives, will that set me back? I can't help but feel like I'm going to have a super hard time compared to everyone else by the time fall comes around. 

What's the hype around Pre-Os? I forgot to have my essays written by the deadline, so I didn't apply for any. What am I missing out on?"
hwpict,https://www.reddit.com/r/georgetown/comments/hwpict/is_it_worth_staying_on_campus/,Is it worth staying on campus?,7,24,2020-07-23 15:24:17,"I am incoming freshman majoring in human science. All my classes except for bio lab will be online (even the chem lab surprisingly). Would it be worth it for me to go on campus? Right now, I have signed up housing because I thought it would help to get used to staying on campus?"
ig59mo,https://www.reddit.com/r/georgetown/comments/ig59mo/how_do_i_join_clubs/,How do I join clubs?,1,4,2020-08-24 21:26:20,"Hey everyone. I'm a freshman this year but haven't been able to go to many NSO activities as I'm in a different time zone which makes it inconvenient, so sorry if this has already been covered. My question is basically in the title; once I've found a club I like, how do I apply to join?"
i7h4gu,https://www.reddit.com/r/georgetown/comments/i7h4gu/need_help_picking_a_class/,Need help picking a class,1,3,2020-08-10 17:14:18,"I am a rising sophomore in the college. Please help me pick between these 3 classes. intro to islamic civ (omar), urban education (Wesley-Nero), and intro to anthro (Ibrahim). please help, thanks."
is9ycs,https://www.reddit.com/r/georgetown/comments/is9ycs/testing_policy/,Testing Policy,5,30,2020-09-13 17:09:04,Is anyone else extremely frustrated by the SAT/ACT required policy for Georgetown? 75% of seniors in Virginia weren‚Äôt able to take it and it really grinds my gears that they still require it. Do you think this will change? I was planning to apply and already paid the fee but this is really coloring my view of the school.
j2ahov,https://www.reddit.com/r/georgetown/comments/j2ahov/questions_from_a_high_school_senior/,questions from a high school senior,1,0,2020-09-29 16:12:16,"hi everybody, I‚Äôm a senior in high school and I‚Äôve been debating on whether or not to apply to georgetown and whether or not it‚Äôs my top choice. I attended one of their summer high school programs and really enjoyed it, but obviously it was on zoom so I don‚Äôt really know if I got the correct vibe. I have a few questions that I think might help me decide:

1. Do students get an opportunity to be creative? For example, are classes hands on, are there arts-related events on campus, are there specific classes or electives people can take related to arts and writing?

2. How much does administration affect daily life? I‚Äôve heard from other students that they can be kind of strict and inconvenient. 

3. Does georgetown offer quality student resources? I don‚Äôt have a solid idea of what degree or career I‚Äôm looking into so I really want programs or services that I can turn to, like career guidance or faculty that is available to talk. Do you or someone you know have experience being an undecided major?

4. This one is more general, but do students have fun? Have you enjoyed your time at Georgetown, and is there anything you wish you could change?

5. What does a typical class look like? Mainly lectures, labs, projects, etc? I‚Äôm looking more for a school that doesn‚Äôt just feel like harder high school classes, but like I‚Äôm really learning quality information in a quality manner. 

6. This isn‚Äôt so much a question but more of a worry: one thing that is holding me back is that I‚Äôm not super interested in the SFS or any of their speciality schools, so I‚Äôm worried that it wouldn‚Äôt be worth it to apply as someone in the College because it‚Äôs not what Georgetown is really known from what I‚Äôve seen. Can anyone in the College talk about their experience?

Thank you so much!"
jlvtls,https://www.reddit.com/r/georgetown/comments/jlvtls/can_transfer_students_change_majors_within_the_sfs/,Can transfer students change majors within the SFS?,1,12,2020-10-31 20:30:12,I'm attempting to transfer into GU and into the SFS. I just wanted to know if you're allowed to change majors within the SFS. So would I be able to go from International Econ to International Politics?
j7ov14,https://www.reddit.com/r/georgetown/comments/j7ov14/apartmentgrouphomes_accessible_to_georgetown/,Apartment/Group-homes accessible to Georgetown University and Tysons Corner,1,2,2020-10-08 17:17:46,"Hi everyone,

I am looking for an apartment to live in that is close enough to GU for when classes start again, but also not too far from Tysons for my part-time job. I heard that Falls Church is a good option, but are there any other places I am missing that I should look into (Silver Spring, etc.)? Looking to spend less than $1000, so I know that pretty much removes most of DC from consideration. 

I do also work in Baltimore, but my hours are part of the graveyard shift so I am hoping traffic will be minimal/non-existent."
jvgh12,https://www.reddit.com/r/georgetown/comments/jvgh12/announcement_regarding_our_spring_2021_plan/,Announcement regarding our Spring 2021 Plan,14,7,2020-11-16 14:14:10,"*Email transcript from the Office of the President*:

---

November 16, 2020

Dear Members of the Georgetown University Community:

I write today to share details about Georgetown‚Äôs plans for the Spring semester. In this message, I will provide information about our Spring approach, which will focus on bringing seniors back to campus and providing some in-person learning experiences for seniors, graduate and professional students. Our campus leaders will soon send you follow-up messages with more detail about the Spring on particular campuses.

These are profoundly hard decisions, and in navigating through this difficult time, we are guided by our first priority‚Äîthe safety of our community. It is a foundation for all of our decision-making. I recognize the weariness that many of us feel about the impacts of this pandemic‚Äîthe disruptions and restrictions on daily life, how much it has upended our routines. For all of us, this is not how we would like to be operating and I understand the disappointment and frustration that comes with these circumstances.

As I write to you today, we are experiencing an unprecedented surge of COVID-19 infections in the United States. COVID-19 cases in our country are higher than they have ever been and are rising exponentially. My [weekly video presentation](http://links.georgetown.mkt6170.com/els/v1/erz3fLx24xB7/M1lXV1ZTRHdIc3N3S0N6OWZJcjFVeEg3VkVlb3k5bUtXYjRFSGJiZVJUYXhvUW80ODlBWVlyQU5aUGFpcmRvNE1CK2FKZndZbFQ3U1dXbTY0dUVDeHVjY3lhUVZJRE5vbEdmckZOTEx6Ylk9S0/) describes some of the decisions that I outline below and provides additional context on the extremely serious situation we are all facing. As I share in the video, all of our plans are provisional and subject to modification. Our plan will also be submitted for review and acceptance by the Washington, D.C. government.

**Residential Community**

This Fall, we had approximately 500 students living in our residence halls on the Main Campus. Going forward, we plan to double this number, bringing back approximately 500 additional seniors, members of the undergraduate Class of 2021, who currently live outside of the Washington, D.C. area. Seniors will hear from the Office of Residential Living tomorrow, November 17, with more details on this process. Additionally, a small number of exceptions may be granted for undergraduate students whose living situations have changed substantially and who no longer have stable housing. Our Law Center will also increase the number of residential students on our Law campus.

We know how eager the members of our community are to return, particularly our first-year and transfer students who have had to delay the beginning of their time on campus, and the disappointment that comes with this decision. Given the current state of the pandemic, we are not able to bring more members of our community to campus at this time. We will continue to monitor this closely and will be prepared to bring additional students to campus, should conditions considerably improve.

For the undergraduate Class of 2024, we are developing a special residential Summer semester that will provide an opportunity for students to live on campus and take credit-bearing courses before they begin their sophomore year, provided public health conditions allow. This program will be optional and will allow students additional time to experience residential life at Georgetown.

**Mode of Instruction**

All courses will be offered virtually.

On the Main Campus, we are planning to introduce some hybrid courses‚Äîvirtual courses that have in-person components‚Äîfor senior undergraduate students‚Äîboth those in residence on campus and those living in the Washington, D.C., area‚Äîand for students in the Graduate School.

This semester we implemented 17 pilot programs to explore in-person learning. In the Spring, contingent on pandemic conditions, we are planning approximately 200 hybrid courses for senior undergraduate and graduate students on the Main Campus.

We are also planning for some hybrid academic experiences for Medical, Nursing, and Law students. These programs will provide some students the option of being physically present in the classroom for in-person elements of a course, as conditions permit. All of our students will receive specific, detailed information about the hybrid approaches for their school or academic program. Our School of Continuing Studies has previously announced its intention to be virtual in the Spring.

We will follow a revised academic calendar, with undergraduate courses beginning on January 25. Specific details regarding the updated calendar will be provided by appropriate schools and programs.

**Study and Recreation Opportunities**

Over the course of the Spring semester, we are looking at providing new opportunities for studying and gathering on campus. A reservation system will provide access to certain key campus locations‚Äîwith strict adherence to our public health program, including participation in our [Community Compact](http://links.georgetown.mkt6170.com/els/v1/j~g_BdRekRJR/M1lXV1ZTRHdIc3N3S0N6OWZJcjFVeEg3VkVlb3k5bUtXYjRFSGJiZVJUYXhvUW80ODlBWVlyQU5aUGFpcmRvNE1CK2FKZndZbFQ3U1dXbTY0dUVDeHVjY3lhUVZJRE5vbEdmckZOTEx6Ylk9S0/QVptR0lKWUJ5S0FxRFNrTXhhMjFxZ3NkYVYwVXVBNXpyaTZpaUVDL2ErZGlIMy9rYkdHbFZFeXM1bDNhaElySAS2), testing, mask wearing, physical distancing, and limited gathering sizes. On the Main Campus, we will be rolling out access gradually and prioritizing seniors and residential students first. We are also looking at opening spaces specific to graduate and professional students. We may need to modify our approach as conditions of the pandemic change or local ordinances about physical space and public health are updated.

**WeWork Partnership**

We are working to provide domestic and international students with access to quiet study spaces and internet access off campus, at no cost, through a new partnership with WeWork, which has office space for individuals in 800 locations in 32 U.S. cities and in 88 cities around the world.

**Our Planning**

Throughout these past few months, we have been guided by local and national public health experts and public health ordinances, and we have closely followed the work of researchers to deepen our understanding of the virus. We reviewed [our assumptions](http://links.georgetown.mkt6170.com/els/v1/6dqYcjYm_YFm/M1lXV1ZTRHdIc3N3S0N6OWZJcjFVeEg3VkVlb3k5bUtXYjRFSGJiZVJUYXhvUW80ODlBWVlyQU5aUGFpcmRvNE1CK2FKZndZbFQ3U1dXbTY0dUVDeHVjY3lhUVZJRE5vbEdmckZOTEx6Ylk9S0/) and [our approach](http://links.georgetown.mkt6170.com/els/v1/RaE9TzYepYT8/M1lXV1ZTRHdIc3N3S0N6OWZJcjFVeEg3VkVlb3k5bUtXYjRFSGJiZVJUYXhvUW80ODlBWVlyQU5aUGFpcmRvNE1CK2FKZndZbFQ3U1dXbTY0dUVDeHVjY3lhUVZJRE5vbEdmckZOTEx6Ylk9S0/) with our public health team‚Äîwhose members have expertise in infectious diseases, public health, global health, epidemiology, vaccines, and health law and who have helped us to interpret and project how COVID-19 might impact our community. These are individuals working in clinical settings‚Äîtreating patients of all ages who have been diagnosed with COVID-19‚Äîlaboratory researchers, and physician-scientists who are conducting their own research, and policy and legal professionals who have additional responsibilities advising entities around the world on the COVID-19 response.

Our faculty have provided extensive input as part of our academic planning. They have also taken seriously the responsibility to develop [engaging virtual courses](http://links.georgetown.mkt6170.com/els/v1/baGdTZd8YdHb/M1lXV1ZTRHdIc3N3S0N6OWZJcjFVeEg3VkVlb3k5bUtXYjRFSGJiZVJUYXhvUW80ODlBWVlyQU5aUGFpcmRvNE1CK2FKZndZbFQ3U1dXbTY0dUVDeHVjY3lhUVZJRE5vbEdmckZOTEx6Ylk9S0/) and continue to refine their approaches in response to student feedback. We have held regular forums with members of our staff, going back to last Spring, to share updates and respond to questions. We have also engaged the members of our Board of Directors and our special Board working group who have advised us as we developed our plans. We have consulted with graduate and undergraduate students, and we have heard from many families about how best to approach the Spring.

I know that this is not the message that many in our community hoped to hear when looking ahead to next semester. We understand the disappointment in not being able to fully return to campus and how eager our community is to be together in person. We recognize how important a residential experience can be in the lives of our students and appreciate the strong desire to return to residential life.

These are challenging decisions. We will continue to monitor the state of the pandemic and may find it necessary to make adjustments at a future time. In the coming days, you will receive additional information from your campus leaders. I also encourage you to visit the University‚Äôs [COVID-19 Resource Center website](http://links.georgetown.mkt6170.com/els/v1/XX8NsbWzwWsx/M1lXV1ZTRHdIc3N3S0N6OWZJcjFVeEg3VkVlb3k5bUtXYjRFSGJiZVJUYXhvUW80ODlBWVlyQU5aUGFpcmRvNE1CK2FKZndZbFQ3U1dXbTY0dUVDeHVjY3lhUVZJRE5vbEdmckZOTEx6Ylk9S0/QVptR0lKWUJ5S0FxRFNrTXhhMjFxZ3NkYVYwVXVBNXpyaTZpaUVDL2ErZGlIMy9rYkdHbFZFeXM1bDNhaElySAS2) and these [frequently asked questions](http://links.georgetown.mkt6170.com/els/v1/GRGysx_9a_T0/M1lXV1ZTRHdIc3N3S0N6OWZJcjFVeEg3VkVlb3k5bUtXYjRFSGJiZVJUYXhvUW80ODlBWVlyQU5aUGFpcmRvNE1CK2FKZndZbFQ3U1dXbTY0dUVDeHVjY3lhUVZJRE5vbEdmckZOTEx6Ylk9S0/QVptR0lKWUJ5S0FxRFNrTXhhMjFxZ3NkYVYwVXVBNXpyaTZpaUVDL2ErZGlIMy9rYkdHbFZFeXM1bDNhaElySAS2), which are updated regularly. If you have additional questions, please call the University‚Äôs COVID-19 Helpline at 202-784-3510 (available 9 a.m. to 5 p.m. ET Monday to Friday) or email **covid19-questions@georgetown.edu** to be connected to the appropriate University representative to answer your question.

We are a community of 26,000 people. The virus impacts all of us. The actions we take have an impact on those around us. We share these plans with you at a very uncertain and challenging time. As we enter the winter months‚Äîwidely anticipated as the most dangerous time for the pandemic‚Äîwe face uncontrolled spread of COVID-19 in nearly all states. We will be closely following the trajectory of the pandemic and making adjustments to our plans, guided by our commitment to the health and safety of our community.

Our colleagues have worked tirelessly this past semester to sustain our virtual learning environment, to implement our public health program, and to develop these plans for the Spring. I cannot express deeply enough my appreciation for our faculty, our students, and our staff. For the ways that our University has come together, supported one another, and cared for our community, I am sincerely grateful.

Sincerely,

John J. DeGioia"
jv0ecy,https://www.reddit.com/r/georgetown/comments/jv0ecy/atheists_at_georgetown/,Atheists at Georgetown?,9,21,2020-11-15 20:20:23,"First, I‚Äôm a senior that‚Äôs planning on applying to Georgetown this year. 

So I‚Äôm aware Georgetown has strong Jesuit values and I really align with a lot of them, and I‚Äôm also really interested in theology, but I‚Äôm an atheist. I was just wondering if any atheist or nonreligious people could tell me about their experience at Georgetown? How much is religion emphasized at the school?"
kfvmu7,https://www.reddit.com/r/georgetown/comments/kfvmu7/gift_idea_gu_medicine_pom_hat/,Gift Idea - GU Medicine Pom Hat,4,4,2020-12-18 14:48:24,"Hi,
My girlfriend went to GU for undergrad and Med school. I saw a girl walking today with a Pom beanie with ‚ÄòTemple Medicine‚Äô on it. I thought it was a cool gift idea, but couldn‚Äôt find anything similar on GU apparel website. I looked into making a custom Pom hat but they wouldn‚Äôt let me customize to get the GU colors. Any ideas as to where/how I could get something like that?
Thanks!"
kffqre,https://www.reddit.com/r/georgetown/comments/kffqre/is_georgetown_chillfun/,Is Georgetown chill/fun?,2,31,2020-12-17 22:21:04,"I got in EA but there are a few things I was wondering about -

The school seems extremely study/work based. To be blunt - is it fun? Or do you spend pretty much all of your time studying or going to class?

I get the impression the dorms and food suck. Is this the case?

Are a lot of people thee SJW/their whole personality is their political views?

Is the campus nice?

Thanks to anyone who answers. Any other information that might help me decide if I want to go to Georgetown is appreciated."
kcm6kr,https://www.reddit.com/r/georgetown/comments/kcm6kr/news/,NEWS,1,7,2020-12-13 16:08:07,I JUST GOT ACCEPTED!!!
l991kx,https://www.reddit.com/r/georgetown/comments/l991kx/early_assurance_law_program/,Early Assurance Law program.,9,9,2021-01-31 01:31:42,How many people get in? What‚Äôs the acceptance rate?
kvvtsp,https://www.reddit.com/r/georgetown/comments/kvvtsp/is_there_any_way_i_can_bring_my_dog/,Is there any way I can bring my dog?,2,7,2021-01-12 09:12:02,"I just recently decided to apply to Georgetown so I haven‚Äôt looked too much into the school but I really like it so far and it‚Äôll probably be my top school. So far I haven‚Äôt found anything that I don‚Äôt like except the housing requirement. At the school that used to be my top choice, I had planned on living in the dorms for a year and then getting an apartment and brining my dog. I know Georgetown has a three-year housing requirement, and my dog isn‚Äôt an ESA or a service dog so I couldn‚Äôt bring him into the dorms. It‚Äôs probably not possible but is there any way I could bypass the housing requirement? Even just being allowed to live off campus for junior and senior year would be fine. Bringing my dog is pretty important to me since I train him and am planning on doing trials with him in different sports. Has anyone else brought a pet to campus that wasn‚Äôt an ESA or a service dog?"
kzjj5r,https://www.reddit.com/r/georgetown/comments/kzjj5r/gtown_medical_academy_summer_program_personal/,Gtown medical academy summer program personal statement help,1,2,2021-01-17 17:04:19,"Hey, I am a junior in high school and I am in the process of submitting my application to the 1-3 week medical academy program at Georgetown University during the summer. I wrote my personal statement but I want to make sure that it's great as this program really means a lot to me. Has anyone been to this academy? If yes, then are there any specifics that they look for in their students or any specific values they look for? If no, are there any general tips that you can offer me to write a personal statement about why I want to attend the program?

Thank you for your help!"
lsgw61,https://www.reddit.com/r/georgetown/comments/lsgw61/can_i_visit_and_walk_around_campus/,can i ‚Äúvisit‚Äù and walk around campus?,19,12,2021-02-25 13:05:40,"i‚Äôm a prospective student, and i called admissions to find out if the campus was closed to the public currently. i‚Äôd like to come and just walk around the campus, even if i can‚Äôt go into the buildings. if i showed up to the campus, would i be allowed to walk around or would i be turned away?"
lh8eul,https://www.reddit.com/r/georgetown/comments/lh8eul/how_to_deal_with_club_rejection/,How to deal with club rejection?,3,15,2021-02-10 16:32:10,"I know it is not a personal rejection against me, but it just feels tough as a freshman who does not know anybody on campus/did not have anyone to network with. Got an interview with innovo, did not even make it past the application stage with Hilltop Consultants. I heard GUASFCU is getting easier to get into because they take a lot more applicants these days, so fingers crossed for that I guess."
lxzlff,https://www.reddit.com/r/georgetown/comments/lxzlff/is_anyone_actually_going_to_the_summer_thing_for/,Is anyone actually going to the summer thing for the class of ‚Äò24,14,3,2021-03-04 16:27:29,Just wondering because I haven‚Äôt heard anyone talk about it lmao
m59t0b,https://www.reddit.com/r/georgetown/comments/m59t0b/thoughts_on_ma_in_security_studies/,Thoughts on MA in Security Studies?,1,10,2021-03-14 18:44:12,"Proxy post for someone recently admitted to Georgetown for a MA in Security Studies who's choosing between Georgetown and a couple of other IR programs. Can any current or past students comment their thoughts on the program? Looking for the good, the bad, and the ugly--any and all input is helpful. Thanks in advance!"
mk62of,https://www.reddit.com/r/georgetown/comments/mk62of/any_professor_recommendations_for_intro_to/,Any professor recommendations for Intro to Philosophy?,4,4,2021-04-04 15:07:58,"I‚Äôm a rising sophomore in the college, and I‚Äôm currently planning my schedule for next semester. I took a lot of philosophy coursework in high school, so I‚Äôd like to choose a fairly challenging section. I‚Äôve got first registration block, so I‚Äôm hoping I‚Äôll have my pick. Anyone have any professor recs I should look at?"
muw97s,https://www.reddit.com/r/georgetown/comments/muw97s/has_anyone_been_able_to_negotiate_with_the/,"Has anyone been able to negotiate with the Financial Aid office? Also, does Georgetown match competing offers from other colleges?",1,1,2021-04-20 10:57:59,"Hi

I got ridiculously lowballed by the office of financial aid and am working on appealing. If I include the fact that I‚Äôve received several need-based and merit-based offers of aid from various competing schools, will this impact me favorably? I look online at the website and it doesn‚Äôt say that they don‚Äôt match offers from other colleges. 

Thanks so much!"
mjoa02,https://www.reddit.com/r/georgetown/comments/mjoa02/when_are_transfer_applicants_know_if_they_are/,When are transfer applicants know if they are accepted or not?,1,0,2021-04-03 20:42:51,I did my transfer process fairly late in the game i wonder how long would it take for my application to come back ? to see if i‚Äôm accepted or not
n4vf09,https://www.reddit.com/r/georgetown/comments/n4vf09/printing_services/,printing services??,2,6,2021-05-04 12:10:34,"ik this may be a weird question to ask, but are there areas where you can print stuff at freshman dorm buildings other than harbin? i know the library does have printing stations but it'll be nice to have somewhere to print close by. also, do students have to pay to print or is the service free? thank you in advance!"
nlycom,https://www.reddit.com/r/georgetown/comments/nlycom/does_georgetown_have_any_requirements_preferences/,Does Georgetown have any requirements / preferences of who we get out letters of recommendation from?,1,0,2021-05-26 20:15:35,I‚Äôm getting one from my English teacher and one from my med teacher . Is this fine?
o1besu,https://www.reddit.com/r/georgetown/comments/o1besu/current_gtown_undergrad_hire_for_a_few_hours_of/,Current G'Town undergrad: Hire for a few hours of private guiding?,18,6,2021-06-16 11:13:42,"My son is interested in exploring Georgetown however the on campus tours being offered (due to CoVID) are super limited.  Our family is fully vaccinated and I'm looking to ""life hack"" this  a bit.  I do **not** want to violate any rules... my thinking is that having someone to just point out buildings and talk a bit about your experience would be really helpful.

If you are a current (or recent) undergrad who's interested in being hired for a couple of hours + lunch would you kindly PM me?  We will be in DC roughly July 3-5th.

Thanks!"
nz724t,https://www.reddit.com/r/georgetown/comments/nz724t/how_to_prep_for_freshman_year/,How to prep for freshman year,7,19,2021-06-13 14:56:16,"I got into the SFS program and I'll be doing either Econ or intl politics, and I really need to know how to prepare for it.

writing, history, map of the modern world, theology, Econ, etc. 

how can I prepare for all that? I'm really hoping to keep a strong academic record and I'm afraid that I'll mess it up. please someone help."
o2w7im,https://www.reddit.com/r/georgetown/comments/o2w7im/triples_vs_doubles_housing/,Triples vs Doubles Housing,3,6,2021-06-18 11:03:53,"I am a rising sophomore in NHS and am trying to decide between a triple and double dorm. 

1. Are there advantages to getting a triple room over double room? Like more space per person, nicer rooms, closer to NHS classes

2. I see that there are fewer dorms with triple rooms compared to dorms with double rooms. Will this affect the housing  selection (None of the people I would be housing with have extra housing points (ie what‚Äôs a hoya) including myself)?"
obrqm7,https://www.reddit.com/r/georgetown/comments/obrqm7/question_about_computers/,Question about Computers,1,6,2021-07-01 11:17:10,"Does Georgetown provide laptops for students or do they have any programs in relation to student computers, or are students expected to bring their own?"
ovcllq,https://www.reddit.com/r/georgetown/comments/ovcllq/which_sports_are_most_beginnerfriendly/,which sports are most beginner-friendly?,1,14,2021-07-31 11:45:05,looking for a way to stay fit in college but it seems that all the club teams are quite competitive + looking for players with extensive experience in that sport.
p054fi,https://www.reddit.com/r/georgetown/comments/p054fi/any_georgetown_students_interesting_in_a_dog/,Any Georgetown students interesting in a dog sitting gig?,1,2,2021-08-07 17:56:22,"Hey everyone. I graduated law school this May and will be starting at a law firm in DC very soon. I'm still apartment hunting but I hope to end up in the Penn Quarter or Logan Circle area. My dog is \~15lbs and very, very chill. But she doesn't like to be alone for more than a few hours and she wouldn't do well going to a crowded doggie daycare 5x/week. On top of that, I'm worried that I'm going to have a lot of after-work events that will me from picking her up from daycare on time. 

I'm looking for some kind of arrangement where 3x/week you walk my dog after your classes are done (\~45m) and then just kind of hang out with her in my apartment for a couple hours afterward. You can watch HBO, eat my snacks, drink my wine, do your school work from my place, and hang out with my dog while she sleeps and gnaws on a rawhide. The apartment buildings I'm looking at have great amenities, so you can even hang out at the rooftop pool....just bring the doggie with you! I'm thinking 4-6ish? I haven't fully worked everything out, so I'm flexible and open to suggestions.

This is kind of an unconventional dog sitting gig, but I'm willing to pay well, pay cash, and feed you!"
p00n8m,https://www.reddit.com/r/georgetown/comments/p00n8m/government_classes/,Government Classes,1,2,2021-08-07 13:23:04,does Georgetown have any classes on political psychology and ‚Äúhow to campaign?‚Äù i can‚Äôt find this info on their website and the dept chair never emailed me back.
ptl94b,https://www.reddit.com/r/georgetown/comments/ptl94b/clubs/,clubs,2,1,2021-09-22 19:06:50,What r some good clubs/bars near georgetown that r lenient abt fakes?
pzkh6o,https://www.reddit.com/r/georgetown/comments/pzkh6o/political_leanings_of_those_at_georgetown/,Political leanings of those at Georgetown?,1,11,2021-10-01 17:13:31,"Interested in comparing the political leanings of different universities in Virginia/Maryland area (I know it‚Äôs not scientific but still interesting!) At least political leanings of those on Reddit. Add home town and gender!

[View Poll](https://www.reddit.com/poll/pzkh6o)"
qoc4d7,https://www.reddit.com/r/georgetown/comments/qoc4d7/parties_tonight/,Parties tonight,1,1,2021-11-06 16:35:16,"I‚Äôm a student at another university, my friends are here visiting. Any parties / frat parties going on at Georgetown tonight? 2 guys 2 girls 21-24"
rc7enf,https://www.reddit.com/r/georgetown/comments/rc7enf/international_students_how_did_you_make_friends/,International students: How did you make friends???,4,6,2021-12-08 18:27:09,"So I know COVID and everything but I am having the WORST time connecting with anyone. I don't even think I'm that bad of a person lol I'm just shy and I suppose that combined with the state of things isn't so great right now.

&amp;#x200B;

Any tips? Was there certain clubs? I'm 19, female, don't really have specific hobbies but am open to anything at this point basically"
